<code_scheme name="Default" version="173">
  <SqlCodeStyleSettings version="2">
    <option name="ALIAS_CASE" value="1" />
    <option name="KEYWORD_CASE" value="0" />
    <option name="TYPE_CASE" value="0" />
    <option name="IDENTIFIER_CASE" value="1" />
    <option name="QUOTE_IDENTIFIER" value="1" />
    <option name="PRIMARY_KEY_NAME_TEMPLATE" value="{table}_id" />
    <option name="FOREIGN_KEY_NAME_TEMPLATE" value="{table}_{ref_table}_{ref_columns}_id" />
  </SqlCodeStyleSettings>
</code_scheme>