<application>
  <component name="FileTypeManager" version="17">
    <extensionMap>
      <mapping pattern=".env" type="Native" />
      <mapping pattern=".env.production" type="PLAIN_TEXT" />
      <mapping pattern=".env.development" type="PLAIN_TEXT" />
      <mapping ext="raks" type="PLAIN_TEXT" />
      <removed_mapping ext="cmd" approved="true" type="PLAIN_TEXT" />
      <removed_mapping ext="log" approved="true" type="PLAIN_TEXT" />
      <removed_mapping ext="bat" approved="true" type="PLAIN_TEXT" />
      <mapping ext="task" type="Ruby" />
      <mapping ext="tfstate" type="Terraform" />
      <removed_mapping ext="bat" approved="true" type="PLAIN_TEXT" />
      <removed_mapping ext="log" approved="true" type="PLAIN_TEXT" />
      <removed_mapping ext="tsv" approved="true" type="TSV" />
      <removed_mapping ext="dockerfile" approved="true" type="textmate" />
      <removed_mapping ext="makefile" approved="true" type="textmate" />
      <removed_mapping ext="cmd" approved="true" type="PLAIN_TEXT" />
      <removed_mapping ext="snakefile" approved="true" type="textmate" />
    </extensionMap>
  </component>
</application>